Id,Position,First Name,Nickname,Last Name,FPPG,Played,Salary,Game,Team,Opponent,Injury Indicator,Injury Details,Tier
29773-40199,SF,Giannis,Giannis Antetokounmpo,Antetokounmpo,53.83750153,8,12800,MIL@POR,MIL,POR,,,
29773-12332,PG,John,John Wall,Wall,41.93333266,9,10400,WAS@DAL,WAS,DAL,,,
29773-20848,PG,Damian,Damian Lillard,Lillard,43.95,10,10100,MIL@POR,POR,MIL,,,
29773-14507,PG,Kemba,Kemba Walker,Walker,42.86000061,10,9200,ATL@CHA,CHA,ATL,,,
29773-15595,SG,Bradley,Bradley Beal,Beal,37.38888889,9,8800,WAS@DAL,WAS,DAL,,,
29773-9561,C,DeAndre,DeAndre Jordan,Jordan,37.42222087,9,8600,WAS@DAL,DAL,WAS,,,
29773-84673,C,Deandre,Deandre Ayton,Ayton,37.18889025,9,8500,BKN@PHO,PHO,BKN,,,
29773-58460,SG,Devin,Devin Booker,Booker,37.73333232,6,8100,BKN@PHO,PHO,BKN,,,
29773-84669,SG,Luka,Luka Doncic,Doncic,33.81110975,9,8100,WAS@DAL,DAL,WAS,,,
29773-23798,SG,Caris,Caris LeVert,LeVert,34.82000122,10,8000,BKN@PHO,BKN,PHO,,,
29773-55057,C,Jusuf,Jusuf Nurkic,Nurkic,32.47000122,10,7600,MIL@POR,POR,MIL,,,
29773-84671,PG,Trae,Trae Young,Young,33.36666531,9,7500,ATL@CHA,ATL,CHA,,,
29773-16261,SG,Khris,Khris Middleton,Middleton,33.85555691,9,7200,MIL@POR,MIL,POR,,,
29773-12355,PG,Eric,Eric Bledsoe,Bledsoe,31.22222222,9,7100,MIL@POR,MIL,POR,,,
29773-9660,C,Dwight,Dwight Howard,Howard,29.04999924,2,6800,WAS@DAL,WAS,DAL,,,
29773-58312,PG,D'Angelo,D'Angelo Russell,Russell,28.25,10,6800,BKN@PHO,BKN,PHO,,,
29773-9809,SF,Nicolas,Nicolas Batum,Batum,27.95,10,6700,ATL@CHA,CHA,ATL,,,
29773-19067,SG,CJ,CJ McCollum,McCollum,27.75,10,6700,MIL@POR,POR,MIL,,,
29773-80821,C,Jarrett,Jarrett Allen,Allen,28.68999939,10,6700,BKN@PHO,BKN,PHO,,,
29773-66236,PF,John,John Collins,Collins,24.93066732,75,6600,ATL@CHA,ATL,CHA,O,Ankle,
29773-23572,SF,Taurean,Taurean Prince,Prince,27.52222188,9,6500,ATL@CHA,ATL,CHA,GTD,Ankle,
29773-80814,PG,Dennis,Dennis Smith Jr.,Smith Jr.,25.57500076,8,6500,WAS@DAL,DAL,WAS,,,
29773-19781,SG,Kent,Kent Bazemore,Bazemore,27.88888889,9,6400,ATL@CHA,ATL,CHA,,,
29773-15628,SF,Otto,Otto Porter Jr.,Porter Jr.,23.5,8,6100,WAS@DAL,WAS,DAL,GTD,Toe,
29773-15946,SF,Harrison,Harrison Barnes,Barnes,23.5,5,6000,WAS@DAL,DAL,WAS,,,
29773-9538,SF,Trevor,Trevor Ariza,Ariza,24.08888923,9,5700,BKN@PHO,PHO,BKN,,,
29773-15559,SG,Jeremy,Jeremy Lamb,Lamb,24.11999969,10,5700,ATL@CHA,CHA,ATL,,,
29773-9787,SF,DeMarre,DeMarre Carroll,Carroll,26.60684998,73,5600,BKN@PHO,BKN,PHO,GTD,Ankle,
29773-9799,SG,Wesley,Wesley Matthews,Matthews,25.47777812,9,5600,WAS@DAL,DAL,WAS,,,
29773-9598,PF,Ersan,Ersan Ilyasova,Ilyasova,22.32222154,9,5500,MIL@POR,MIL,POR,,,
29773-23120,SF,TJ,TJ Warren,Warren,23.72500038,8,5400,BKN@PHO,PHO,BKN,GTD,Back,
29773-15814,C,Alex,Alex Len,Len,23.63333299,9,5400,ATL@CHA,ATL,CHA,,,
29773-42148,PF,Rondae,Rondae Hollis-Jefferson,Hollis-Jefferson,22.09999956,7,5300,BKN@PHO,BKN,PHO,,,
29773-16301,C,Dewayne,Dewayne Dedmon,Dedmon,23.35000102,6,5300,ATL@CHA,ATL,CHA,,,
29773-14511,PF,Markieff,Markieff Morris,Morris,25.52499962,8,5300,WAS@DAL,WAS,DAL,,,
29773-15542,PG,Spencer,Spencer Dinwiddie,Dinwiddie,22.71999969,10,5300,BKN@PHO,BKN,PHO,,,
29773-12342,PF,Al-Farouq,Al-Farouq Aminu,Aminu,22.63000031,10,5100,MIL@POR,POR,MIL,,,
29773-16359,SG,Malcolm,Malcolm Brogdon,Brogdon,23.55555556,9,5000,MIL@POR,MIL,POR,,,
29773-49336,SF,DeAndre',DeAndre' Bembry,Bembry,22.93333266,9,4900,ATL@CHA,ATL,CHA,,,
29773-58153,SF,Kelly,Kelly Oubre Jr.,Oubre Jr.,23.16666667,9,4800,WAS@DAL,WAS,DAL,,,
29773-9500,PF,Dirk,Dirk Nowitzki,Nowitzki,23.96883085,77,4700,WAS@DAL,DAL,WAS,O,Ankle,
29773-15691,C,Cody,Cody Zeller,Zeller,20.86000061,10,4700,ATL@CHA,CHA,ATL,,,
29773-9621,C,Brook,Brook Lopez,Lopez,20.74444411,9,4700,MIL@POR,MIL,POR,,,
29773-16363,SF,Joe,Joe Harris,Harris,21.91999969,10,4700,BKN@PHO,BKN,PHO,,,
29773-80816,SG,Malik,Malik Monk,Monk,20.38999939,10,4600,ATL@CHA,CHA,ATL,,,
29773-19456,PG,Isaiah,Isaiah Canaan,Canaan,17.16250038,8,4500,BKN@PHO,PHO,BKN,,,
29773-12359,SF,Evan,Evan Turner,Turner,23.23000031,10,4400,MIL@POR,POR,MIL,,,
29773-84670,SF,Mikal,Mikal Bridges,Bridges,13.77777778,9,4400,BKN@PHO,PHO,BKN,,,
29773-9702,PG,Tony,Tony Parker,Parker,18.94444444,9,4300,ATL@CHA,CHA,ATL,,,
29773-63127,C,Willy,Willy Hernangomez,Hernangomez,16.53333367,9,4200,ATL@CHA,CHA,ATL,,,
29773-9648,SF,Jeff,Jeff Green,Green,19.57777744,9,4200,WAS@DAL,WAS,DAL,,,
29773-15758,SF,Michael,Michael Kidd-Gilchrist,Kidd-Gilchrist,22.98000031,10,4100,ATL@CHA,CHA,ATL,,,
29773-80815,PF,Zach,Zach Collins,Collins,21.63999939,10,4100,MIL@POR,POR,MIL,,,
29773-15952,PF,John,John Henson,Henson,19.74444411,9,4000,MIL@POR,MIL,POR,,,
29773-84678,SF,Miles,Miles Bridges,Bridges,16.35555522,9,4000,ATL@CHA,CHA,ATL,,,
29773-84681,SG,Donte,Donte DiVincenzo,DiVincenzo,16.35555522,9,4000,MIL@POR,MIL,POR,,,
29773-9495,PG,J.J.,J.J. Barea,Barea,20.16666667,9,3900,WAS@DAL,DAL,WAS,,,
29773-15669,PF,Meyers,Meyers Leonard,Leonard,9.542857579,7,3900,MIL@POR,POR,MIL,,,
29773-9451,PF,Marvin,Marvin Williams,Williams,17.85,10,3900,ATL@CHA,CHA,ATL,,,
29773-15993,SG,Pat,Pat Connaughton,Connaughton,14.46666718,6,3800,MIL@POR,MIL,POR,,,
29773-17542,PF,Alan,Alan Williams,Williams,13.88000031,5,3800,BKN@PHO,BKN,PHO,,,
29773-15501,SG,Allen,Allen Crabbe,Crabbe,14.12222205,9,3800,BKN@PHO,BKN,PHO,,,
29773-12443,PG,Jeremy,Jeremy Lin,Lin,13.41111077,9,3800,ATL@CHA,ATL,CHA,,,
29773-84703,PG,De'Anthony,De'Anthony Melton,Melton,10.44999981,2,3800,BKN@PHO,PHO,BKN,,,
29773-15592,SG,Austin,Austin Rivers,Rivers,14.16666667,9,3800,WAS@DAL,WAS,DAL,,,
29773-16196,PF,Dwight,Dwight Powell,Powell,18.25555589,9,3700,WAS@DAL,DAL,WAS,,,
29773-12365,PF,Ed,Ed Davis,Davis,18.08999939,10,3700,BKN@PHO,BKN,PHO,,,
29773-9654,SF,Vince,Vince Carter,Carter,14.82222154,9,3700,ATL@CHA,ATL,CHA,,,
29773-81621,PF,Maxi,Maxi Kleber,Kleber,17.84444512,9,3700,WAS@DAL,DAL,WAS,,,
29773-84705,PF,Omari,Omari Spellman,Spellman,15.13749981,8,3700,ATL@CHA,ATL,CHA,,,
29773-16178,SF,Maurice,Maurice Harkless,Harkless,15.46000061,5,3600,MIL@POR,POR,MIL,O,Knee,
29773-9677,SF,Jared,Jared Dudley,Dudley,15.51999969,10,3600,BKN@PHO,BKN,PHO,,,
29773-84704,SG,Kevin,Kevin Huerter,Huerter,13.16666667,9,3600,ATL@CHA,ATL,CHA,,,
29773-23780,SF,Jake,Jake Layman,Layman,10.86999969,10,3600,MIL@POR,POR,MIL,,,
29773-16376,SF,Dorian,Dorian Finney-Smith,Finney-Smith,18.06666734,9,3600,WAS@DAL,DAL,WAS,,,
29773-66061,SF,Dwayne,Dwayne Bacon,Bacon,6.775000095,4,3500,ATL@CHA,CHA,ATL,,,
29773-85521,SF,Theo,Theo Pinson,Pinson,3.849999905,2,3500,BKN@PHO,BKN,PHO,,,
29773-64017,C,Salah,Salah Mejri,Mejri,12.94590184,61,3500,WAS@DAL,DAL,WAS,,,
29773-23826,PF,Alex,Alex Poythress,Poythress,13.61666616,6,3500,ATL@CHA,ATL,CHA,,,
29773-9772,PF,Ryan,Ryan Anderson,Anderson,12.61111111,9,3500,BKN@PHO,PHO,BKN,,,
29773-23097,PG,Tomas,Tomas Satoransky,Satoransky,11.0666665,9,3500,WAS@DAL,WAS,DAL,,,
29773-85309,PG,Daryl,Daryl Macon,Macon,0,1,3500,WAS@DAL,DAL,WAS,,,
29773-85308,PG,Trevon,Trevon Duval,Duval,0,0,3500,MIL@POR,MIL,POR,GTD,Eye,
29773-16448,PF,Frank,Frank Kaminsky,Kaminsky,2.200000048,4,3500,ATL@CHA,CHA,ATL,,,
29773-16197,SG,Chasson,Chasson Randle,Randle,0,0,3500,WAS@DAL,WAS,DAL,,,
29773-20805,SG,Troy,Troy Daniels,Daniels,8.449999809,4,3500,BKN@PHO,PHO,BKN,,,
29773-20806,SG,Treveon,Treveon Graham,Graham,3.650000095,2,3500,BKN@PHO,BKN,PHO,O,Hamstring,
29773-40262,SG,Sterling,Sterling Brown,Brown,3.833333333,6,3500,MIL@POR,MIL,POR,,,
29773-82761,SG,Jaylen,Jaylen Morris,Morris,10.11666679,6,3500,MIL@POR,MIL,POR,,,
29773-84808,SG,Jaylen,Jaylen Adams,Adams,2.474999905,4,3500,ATL@CHA,ATL,CHA,,,
29773-58457,SF,Devin,Devin Robinson,Robinson,11,1,3500,WAS@DAL,WAS,DAL,,,
29773-20064,PG,Matthew,Matthew Dellavedova,Dellavedova,5.9,5,3500,MIL@POR,MIL,POR,,,
29773-84833,PF,Ryan,Ryan Broekhoff,Broekhoff,1.679999924,5,3500,WAS@DAL,DAL,WAS,,,
29773-16230,SG,Jordan,Jordan McRae,McRae,3.200000048,4,3500,WAS@DAL,WAS,DAL,,,
29773-17517,SG,Tony,Tony Snell,Snell,11.44444444,9,3500,MIL@POR,MIL,POR,,,
29773-58490,PG,Wade,Wade Baldwin IV,Baldwin IV,1.199999968,3,3500,MIL@POR,POR,MIL,,,
29773-66185,PF,Caleb,Caleb Swanigan,Swanigan,9.233333588,6,3500,MIL@POR,POR,MIL,,,
29773-9613,PG,Devin,Devin Harris,Harris,1.5,1,3500,WAS@DAL,DAL,WAS,O,Hamstring,
29773-23447,PF,Richaun,Richaun Holmes,Holmes,5.625,8,3500,BKN@PHO,PHO,BKN,,,
29773-70819,PF,Dragan,Dragan Bender,Bender,2,4,3500,BKN@PHO,PHO,BKN,,,
29773-70820,C,Thon,Thon Maker,Maker,12.80000019,4,3500,MIL@POR,MIL,POR,,,
29773-80809,PF,Josh,Josh Jackson,Jackson,13.32222239,9,3500,BKN@PHO,PHO,BKN,,,
29773-14505,C,Bismack,Bismack Biyombo,Biyombo,10.85999985,5,3500,ATL@CHA,CHA,ATL,,,
29773-58800,SG,Daniel,Daniel Hamilton,Hamilton,5.166666667,6,3500,ATL@CHA,ATL,CHA,,,
29773-58295,PF,D.J.,D.J. Wilson,Wilson,2.068181818,22,3500,MIL@POR,MIL,POR,GTD,Hamstring,
29773-14521,PF,Kenneth,Kenneth Faried,Faried,5.150000095,4,3500,BKN@PHO,BKN,PHO,,,
29773-84668,SF,Troy,Troy Brown Jr.,Brown Jr.,7.449999809,4,3500,WAS@DAL,WAS,DAL,,,
29773-23744,SG,Justin,Justin Anderson,Anderson,11.45000016,38,3500,ATL@CHA,ATL,CHA,O,Leg,
29773-9669,PF,Jason,Jason Smith,Smith,13.11428615,7,3500,WAS@DAL,WAS,DAL,,,
29773-15560,PG,Shabazz,Shabazz Napier,Napier,12.88571385,7,3500,BKN@PHO,BKN,PHO,,,
29773-84687,SF,George,George King,King,0,0,3500,BKN@PHO,PHO,BKN,,,
29773-84686,PG,Elie,Elie Okobo,Okobo,11.84285736,7,3500,BKN@PHO,PHO,BKN,,,
29773-84690,PG,Jalen,Jalen Brunson,Brunson,8.711111281,9,3500,WAS@DAL,DAL,WAS,,,
29773-84695,SG,Gary,Gary Trent Jr.,Trent Jr.,3.400000095,1,3500,MIL@POR,POR,MIL,,,
29773-85463,PG,Joe,Joe Chealey,Chealey,0,0,3500,ATL@CHA,CHA,ATL,,,
29773-42202,PF,Christian,Christian Wood,Wood,2.866666794,3,3500,MIL@POR,MIL,POR,,,
29773-84698,SF,Dzanan,Dzanan Musa,Musa,4.474999905,4,3500,BKN@PHO,BKN,PHO,,,
29773-84700,PF,Rodions,Rodions Kurucs,Kurucs,10.32499981,4,3500,BKN@PHO,BKN,PHO,,,
29773-15583,PG,Seth,Seth Curry,Curry,8.940000153,10,3500,MIL@POR,POR,MIL,,,
29773-9953,C,Ian,Ian Mahinmi,Mahinmi,11.70000022,7,3500,WAS@DAL,WAS,DAL,,,
29773-84706,PG,Devonte',Devonte' Graham,Graham,6.449999809,2,3500,ATL@CHA,CHA,ATL,,,
29773-67556,SG,Tyler,Tyler Dorsey,Dorsey,7.5,5,3500,ATL@CHA,ATL,CHA,,,
29773-15591,C,Miles,Miles Plumlee,Plumlee,10.31999969,5,3500,ATL@CHA,ATL,CHA,,,
29773-9448,SG,Jamal,Jamal Crawford,Crawford,6.287499905,8,3500,BKN@PHO,PHO,BKN,,,
29773-84717,SG,Anfernee,Anfernee Simons,Simons,1,2,3500,MIL@POR,POR,MIL,,,
29773-9968,SG,Jodie,Jodie Meeks,Meeks,10.45714302,77,3500,MIL@POR,MIL,POR,O,Suspension,
29773-67312,C,Thomas,Thomas Bryant,Bryant,6.96666654,3,3500,WAS@DAL,WAS,DAL,,,
29773-84725,PF,Kostas,Kostas Antetokounmpo,Antetokounmpo,0,0,3500,WAS@DAL,DAL,WAS,,,
29773-84726,PF,Ray,Ray Spalding,Spalding,0,1,3500,WAS@DAL,DAL,WAS,,,
29773-23801,SG,Nik,Nik Stauskas,Stauskas,15.65,10,3500,MIL@POR,POR,MIL,GTD,Quadriceps,
29773-84730,SG,J.P.,J.P. Macura,Macura,0,0,3500,ATL@CHA,CHA,ATL,,,
